policy_name,scenario_name,seed,step,uav1_x,uav1_y,uav2_x,uav2_y,target_x,target_y,action,uav1_action,uav2_action,uav1_action_name,uav2_action_name,reward,cum_reward,distance_uav1_target,distance_uav2_target,mean_distance_to_target,distance_uav1_uav2,success,collision,done,truncated,near_border
bc,noisy_target,42,0,4.108602847426968,-0.7610504155958758,5.408678171596861,3.2776061481128607,-6.341518959854683,7.525683031082193,18,3,3,accelerate,accelerate,-2.5831508952605393,-2.5831508952605393,13.336978556004222,12.494530396601165,12.915754476302695,4.24275178252312,False,False,False,False,False
bc,noisy_target,42,1,3.7951848790797946,-0.5125163593437592,5.032507262935968,3.413604116764005,-6.399230936046769,8.119914386481764,18,3,3,accelerate,accelerate,-2.572093446087828,-5.155244341348368,13.358329775581094,12.362604685297185,12.86046723043914,4.116477702417951,False,False,False,False,False
bc,noisy_target,42,2,3.451767161904341,-0.2217169928898416,4.616390892600167,3.5849142633944906,-6.322557181525621,7.66859283930393,18,3,3,accelerate,accelerate,-2.423796859966112,-7.57904120131448,12.561624322458512,11.676344277202606,12.118984299830558,3.980802677277624,False,False,False,False,False
bc,noisy_target,42,3,3.062712208001812,0.09234708153431337,4.147967394010653,3.7597840033987566,-6.18143718739365,7.543312615455987,18,3,3,accelerate,accelerate,-2.287365996205587,-9.866407197520067,11.873128712857406,11.000531249198463,11.436829981027934,3.82464016537682,False,False,False,False,False
bc,noisy_target,42,4,2.6734235201185172,0.40612139132735997,3.6784716784216016,3.9317542713043596,-6.02751671940564,7.6735452231028365,18,3,3,accelerate,accelerate,-2.173901549334167,-12.040308746854233,11.336746014727016,10.402269478614652,10.869507746670834,3.6660890612317827,False,False,False,False,False
bc,noisy_target,42,5,2.2896740637832873,0.7266465147770129,3.211939427080625,4.111608819366731,-5.923664333690623,7.529073783477538,18,3,3,accelerate,accelerate,-2.0418405586100685,-14.082149305464302,10.664518009613927,9.753887576486754,10.209202793050341,3.5083533464905314,False,False,False,False,False
bc,noisy_target,42,6,1.9045962576381952,1.0455745367733293,2.7436336521199816,4.2867935822272925,-5.930479858867394,7.565447804463701,18,3,3,accelerate,accelerate,-1.946606542917084,-16.028755848381387,10.192995888264639,9.273069540906203,9.73303271458542,3.348056846881828,False,False,False,False,False
bc,noisy_target,42,7,1.52025998386778,1.3653957816340678,2.275929108725621,4.463577235567393,-5.982930609398371,7.127083676825514,18,3,3,accelerate,accelerate,-1.8137907157964464,-17.842546564177834,9.460175288041617,8.677731869922845,9.068953578982232,3.1890067650853027,False,False,False,False,False
bc,noisy_target,42,8,1.123692776347283,1.6699190975220228,1.8000639954723912,4.617045127937396,-5.923808748606809,7.391918354126578,18,3,3,accelerate,accelerate,-1.728511567256743,-19.571058131434576,9.077915687910597,8.207199984656832,8.642557836283714,3.0237443452138377,False,False,False,False,False
bc,noisy_target,42,9,0.7355253948006845,1.985079507318776,1.329509314307146,4.786096280058506,-5.68944712502747,7.6403835476433635,18,3,3,accelerate,accelerate,-1.613648259358447,-21.18470639079302,8.559365377705204,7.577117215879262,8.068241296792234,2.863304359966217,False,False,False,False,False
bc,noisy_target,42,10,0.3602071184852789,2.31543717934053,0.8663413152279523,4.974445436225918,-5.376275753720916,7.4445087586556165,18,3,3,accelerate,accelerate,-1.440863272801482,-22.625569663594504,7.69510305381629,6.713529674198528,7.2043163640074095,2.706750216643017,False,False,False,False,False
bc,noisy_target,42,11,-0.012528817088791,2.648705723208269,1.2152905223892114,5.332543817710014,-5.641267873176333,7.447517907703645,16,3,1,accelerate,turn_left,-1.4572049146257768,-24.08277457822028,7.396708845397834,7.175340300859935,7.286024573128884,2.951360236889925,False,False,False,False,False
bc,noisy_target,42,12,-0.3930182464915512,2.9730940616434878,0.7154579371707906,5.319606014423899,-5.7484610832213345,7.9372450186457,16,3,1,accelerate,turn_left,-1.4276126889597727,-25.510387267180054,7.302298453321826,6.973828436275902,7.138063444798863,2.595156603037275,False,False,False,False,False
bc,noisy_target,42,13,-0.7597139431248205,3.3129973803543256,0.25201672410849124,5.507281910679503,-6.1522802376317935,7.819437233335847,18,3,3,accelerate,accelerate,-1.3836540627403222,-26.894041329920377,7.027643373791302,6.808897253611918,6.91827031370161,2.416295417171656,False,False,False,False,False
bc,noisy_target,42,14,-1.1433821237426547,3.6336197862797395,0.5999237042014977,5.866392942538125,-5.858081271693583,8.089589044290623,16,3,1,accelerate,turn_left,-1.3317187594708333,-28.22576008939121,6.487222062179409,6.829965532528925,6.6585937973541665,2.8327356348681887,False,False,False,False,False
bc,noisy_target,42,15,-1.50676564158442,3.977061803163148,0.10017476575343076,5.8505500097278675,-5.8821978065756735,7.994228180365557,16,3,1,accelerate,turn_left,-1.2294719548365312,-29.45523204422774,5.939868039995971,6.354851508369341,6.147359774182656,2.4682413846445868,False,False,False,False,False
bc,noisy_target,42,16,-1.875076194573929,4.315214633339922,-0.37051857495251,6.019214703766309,-5.945991648415258,7.983740095100891,18,3,3,accelerate,accelerate,-1.1391454490859456,-30.594377493313683,5.480002891962072,5.911451598897384,5.695727245429728,2.2731717644678775,False,False,False,False,False
bc,noisy_target,42,17,-2.2465098903309553,4.649933933136448,-0.05296118176811204,6.405423587705984,-6.198011187656208,8.128451911260044,16,3,1,accelerate,turn_left,-1.1646493998974938,-31.75902689321118,5.264451521943403,6.3820424770315345,5.823246999487469,2.809519507698494,False,False,False,False,False
bc,noisy_target,42,18,-2.6218102688086105,4.980311937722905,-0.5435351274022682,6.308794379570266,-5.962390492192553,7.87370624580409,16,3,1,accelerate,turn_left,-1.0059708823858085,-32.76499777559699,4.41941250064989,5.640296323208194,5.029854411929042,2.466595459673977,False,False,False,False,False
bc,noisy_target,42,19,-2.9997541949405,5.307662497062602,-1.0239048681278802,6.447520412437959,-6.607515141988948,7.773826706505149,18,3,3,accelerate,accelerate,-1.0109086325376535,-33.775906408134645,4.370114982352672,5.738971343023861,5.054543162688267,2.281064801690153,False,False,False,False,False
bc,noisy_target,42,20,-3.4125306277823415,5.589824890889924,-0.7573457143656931,6.870540763657125,-6.666528076897014,7.90841292437615,16,3,1,accelerate,turn_left,-0.9995175805267099,-34.77542398866135,3.9955412484255897,5.99963455684151,4.9975879026335495,2.9479213136027274,False,False,False,False,False
bc,noisy_target,42,21,-3.819734213829274,5.8799718183431,-1.2083855017463496,6.654755893474778,-6.825823805165841,7.8131101967621195,16,3,1,accelerate,turn_left,-0.930964247225123,-35.70638823588647,3.5740171545837,5.735625317667531,4.654821236125615,2.7238635169873686,False,False,False,False,False
bc,noisy_target,42,22,-4.240281942241998,6.150415173090259,-0.8190752538783164,6.341008334273227,-7.305546122540128,7.266526100071336,17,3,2,accelerate,turn_right,-0.981430520082761,-36.68781875596923,3.2621385771216596,6.552166623705951,4.907152600413805,3.4265114851104914,False,False,False,False,False
bc,noisy_target,42,23,-4.710106278000714,6.321485607499253,-1.307655814041301,6.23475845789295,-7.17384647432738,7.776118869693605,17,3,2,accelerate,turn_right,-0.8926424012538835,-37.58046115722311,2.861114063171538,6.065309949367297,4.463212006269417,3.403555605271707,False,False,False,False,False
bc,noisy_target,42,24,-5.140662372921938,6.575693099769221,-1.1000093175648056,5.7799146028162465,-7.286681235950867,7.844621715828714,17,3,2,accelerate,turn_right,-0.9015216315519705,-38.481982788775085,2.4931058527729295,6.522110462746775,4.507608157759853,4.118269118207267,False,False,False,False,False
bc,noisy_target,42,25,-5.571053016111444,6.830180612733851,-1.4777962493669663,6.107446332820394,-7.276754217421549,7.567987026797315,17,3,2,accelerate,turn_right,-0.7838491363529442,-39.265831925128026,1.8584334512658567,5.980057912263585,3.9192456817647208,4.156572602260362,False,False,False,False,False
bc,noisy_target,42,26,-6.029961351017996,7.028682854920923,-0.9828474199824844,6.178338196182356,-7.571425229640195,7.181701411845916,16,3,1,accelerate,turn_left,-0.8213580350009941,-40.087189960129024,1.5490402086002808,6.6645401414096614,4.106790175004971,5.118246288671339,False,False,False,False,False
bc,noisy_target,42,27,-5.665584017268849,7.371070294307742,-1.4771484272432882,6.253614448885017,-7.346510648332658,7.319934829073511,8,1,3,turn_left,accelerate,-0.7647142373168103,-40.85190419744583,1.6817042471327255,5.9654381260353775,3.8235711865840516,4.334939475732295,False,False,False,False,False
bc,noisy_target,42,28,-6.164616906360717,7.402153659708291,-1.9690957156975346,6.342989307668203,-7.603101114771576,7.463625480493298,8,1,3,turn_left,accelerate,-0.7184171906995861,-41.570321388145416,1.4397970699366074,5.744374837059254,3.5920859534979304,4.327150007330033,False,False,False,False,False
bc,noisy_target,42,29,-6.663649795452584,7.4332370251088395,-1.793224837960056,6.811037846138145,-7.627599236680068,7.567081289784862,1,0,1,keep,turn_left,-0.6856353363844352,-42.25595672452985,0.973197211478456,5.8831561523658955,3.4281766819221757,4.910007238780601,False,False,False,False,False
bc,noisy_target,42,30,-7.162682684544452,7.464320390509388,-2.1224892670978672,6.43476010868275,-8.05748291587146,7.341695250669832,1,0,1,keep,turn_left,-0.6907052359387205,-42.946661960468575,0.9031635394011096,6.003888819986095,3.4535261796936023,5.14427293785884,False,False,False,False,False
bc,noisy_target,42,31,-7.100636197990315,7.960455688090892,-1.6269097694157955,6.501099851500955,-7.818300948006901,7.183150324261102,7,1,2,turn_left,turn_right,-0.7286789990367468,-43.67534095950532,1.057944385142684,6.228845605224784,3.643394995183734,5.6649272257165215,False,False,False,False,False
bc,noisy_target,42,32,-7.223770006272009,7.475854754065743,-2.1239032390723347,6.555849199613553,-7.449111265826976,7.423970356795157,8,1,3,turn_left,accelerate,-0.5626742329409437,-44.23801519244626,0.2312372676234328,5.395505061786004,2.8133711647047184,5.182185954152025,False,False,False,False,False
bc,noisy_target,42,33,-6.98508697225848,7.915207015097932,-2.617388831780861,6.636297753292997,-7.33279343734128,7.12153311739831,13,2,3,turn_right,accelerate,-0.56068028311378,-44.798695475560045,0.8664975716931278,4.740305259444673,2.8034014155689,4.551087336699011,False,False,False,False,False
bc,noisy_target,42,34,-6.746403938244951,8.354559276130122,-3.114762349674604,6.68747962213346,-7.592582125300206,6.85711133719954,3,0,3,keep,accelerate,-0.6201022329039074,-45.418797708463956,1.7199906552233255,4.481031673815749,3.100511164519537,3.995994894967132,False,False,False,False,False
bc,noisy_target,42,35,-6.507720904231422,8.79391153716231,-3.0129363250443744,7.177001287341451,-7.309441179880885,6.617193155361341,1,0,1,keep,turn_left,-0.6652488865654018,-46.084046595029356,2.3196677163028507,4.332821149351167,3.326244432827009,3.850703573491388,False,False,False,False,True
bc,noisy_target,42,36,-6.680530197134646,8.324723996528197,-3.2123205055983743,6.718475444509435,-8.027696609893026,6.5037224687627715,16,3,1,accelerate,turn_left,-0.7085312295848377,-46.79257782461419,2.2651498643110344,4.820162431537343,3.5426561479241885,3.822108433224846,False,False,False,False,False
bc,noisy_target,42,37,-6.356210328590711,8.705271789673349,-2.8466293078548,7.0594592386886745,-7.628577365515655,6.638458406019779,12,2,2,turn_right,turn_right,-0.7227507789842843,-47.515328603598476,2.4270631305144663,4.8004446593283765,3.6137538949214214,3.8763201485543477,False,False,False,False,True
bc,noisy_target,42,38,-6.61833104167147,8.27948694755936,-3.34470275698502,7.01560904745162,-8.219415927867225,6.598530484432632,18,3,3,accelerate,accelerate,-0.7213963987861315,-48.23672500238461,2.3214408120242886,4.892523175837026,3.606981993930657,3.509135148819421,False,False,False,False,False
bc,noisy_target,42,39,-6.171902935935881,8.504657874655496,-3.4320652209628584,7.507917690365515,-8.43292044999965,6.772630615870999,11,2,1,turn_right,turn_left,-0.7902799781476563,-49.02700498053227,2.848178123656532,5.0546216578200305,3.9513998907382812,2.9155105383735145,False,False,False,False,True
bc,noisy_target,42,40,-6.568826410504431,8.200599072223419,-3.2600280366326833,7.038446490814632,-8.427151824474262,6.9973788836154185,16,3,1,accelerate,turn_left,-0.7381132545848662,-49.765118235117136,2.213845560665878,5.167286985182783,3.6905662729243307,3.50695670081788,False,False,False,False,False
bc,noisy_target,42,41,-6.988531706796844,7.92885017293568,-3.583094049812058,7.420059319645613,-8.439751109689075,7.122509981542563,17,3,2,accelerate,turn_right,-0.6525950810951895,-50.41771331621233,1.6601874170065172,4.865763393945377,3.262975405475947,3.4432359442828866,False,False,False,False,False
bc,noisy_target,42,42,-6.532313897626054,7.724240029992071,-3.0899495090579445,7.337545915132077,-8.426916498370616,7.891662696899195,11,2,1,turn_right,turn_left,-0.7267641426842681,-51.144477458896596,1.901985637207167,5.365655789635514,3.6338207134213403,3.4640157219835546,False,False,False,False,False
bc,noisy_target,42,43,-7.030373021649344,7.76825263020102,-3.252713648957489,6.864779762829735,-8.10669316196274,8.519531203229961,17,3,2,accelerate,turn_right,-0.644087317333098,-51.78856477622969,1.3125869642567125,5.128286209074267,3.22043658666549,3.8841953553036834,False,False,False,False,False
bc,noisy_target,42,44,-7.118056530073569,7.276001066109631,-2.944916144345058,7.258811101880781,-7.61159908967818,8.745154892669103,12,2,2,turn_right,turn_right,-0.6447505370724668,-52.43331531330216,1.54983780578337,4.8976675649412975,3.2237526853623337,4.173175789955234,False,False,False,False,False
bc,noisy_target,42,45,-6.945407153406187,7.745247475511306,-3.4300435959410853,7.137768317263339,-7.8308660323849155,8.192183442449123,11,2,1,turn_right,turn_left,-0.5517237632868647,-52.985039076589025,0.991861474655059,4.525376158213587,2.758618816434323,3.5674657487997488,False,False,False,False,False
bc,noisy_target,42,46,-7.269467553752612,7.364478704565848,-3.1951588853988993,6.696373740095116,-8.111067036922805,8.27589484938327,7,1,2,turn_left,turn_right,-0.6403984880982354,-53.62543756468726,1.24055192519547,5.163432955786883,3.2019924404911766,4.128723212879818,False,False,False,False,False
bc,noisy_target,42,47,-6.775899232344607,7.444418132275105,-3.6098662353710926,6.97569043110917,-7.62982281446691,8.232213968199,12,2,2,turn_right,turn_right,-0.5373569901004228,-54.16279455478768,1.161812275371376,4.211757625632853,2.686784950502114,3.2005422346479655,False,False,False,False,False
bc,noisy_target,42,48,-6.933721508939705,7.918856883865171,-3.146527496437331,7.163619175593007,-7.464916471538225,8.466276954278225,6,1,1,turn_left,turn_left,-0.5273369904459586,-54.69013154523364,0.7627822898973704,4.5105876145622155,2.636684952229793,3.861764167363152,False,False,False,False,False
bc,noisy_target,42,49,-6.634213493416183,7.518488367823809,-3.4948261663515168,7.522350323579921,-7.72937922684278,8.497252210260596,6,1,1,turn_left,turn_left,-0.5814125442608321,-55.27154408949447,1.468797686181946,4.345327756426374,2.90706272130416,3.139389702479846,False,False,False,False,False
bc,noisy_target,42,50,-6.334705477892662,7.118119851782447,-2.995043839548993,7.507598177435885,-8.209248805153523,8.135406251105888,1,0,1,keep,turn_left,-0.7384652006380202,-56.01000929013249,2.1327879182015894,5.251864088178613,3.692326003190101,3.3622958264819776,False,False,False,False,False
bc,noisy_target,42,51,-6.814359796763243,7.259299646331095,-3.4914585294627276,7.567368200339099,-8.114612651450685,7.919963151493376,13,2,3,turn_right,accelerate,-0.6095049999869385,-56.619514290119426,1.4584696613835173,4.636580338485867,3.0475249999346925,3.3371513400198016,False,False,False,False,False
bc,noisy_target,42,52,-7.085229789533325,6.839026583886288,-3.372775659920185,8.053078377787697,-8.189423744281518,7.548964603683509,11,2,1,turn_right,turn_left,-0.6155685249932551,-57.23508281511268,1.3127285635865678,4.842956686345983,3.077842624966275,3.9059233764574652,False,False,False,False,False
bc,noisy_target,42,53,-6.629872343989787,7.045544371953232,-3.6033575704226535,7.609420871879106,-8.147419898111776,7.943334463127252,11,2,1,turn_right,turn_left,-0.6319543697155655,-57.86703718482825,1.7632293177099478,4.556314379445706,3.1597718485778272,3.07859519615502,False,False,False,False,False
bc,noisy_target,42,54,-7.006029993723649,7.374945984800979,-3.194159989138001,7.8967488020752326,-8.342709807046694,8.270968558095836,7,1,2,turn_left,turn_right,-0.6771345790107537,-58.544171763839,1.609213899765742,5.162131890341795,3.3856728950537684,3.847418759632897,False,False,False,False,False
bc,noisy_target,42,55,-7.421350733097585,7.653349798434857,-3.664455565425123,8.066519444192071,-8.23517780554968,8.10297549938796,16,3,1,accelerate,turn_left,-0.5500640593959605,-59.09423582323496,0.9297729695003598,4.570867624459245,2.7503202969798024,3.7795463295289604,False,False,False,False,False
bc,noisy_target,42,56,-7.8366714724715205,7.931753612068736,-3.345086037541229,8.451231160493016,-8.211411663431418,8.074386022863829,1,0,1,keep,turn_left,-0.5281861739961261,-59.622421997231086,0.40096660126484446,4.880895138696416,2.64093086998063,4.5215259197083935,False,False,False,False,False
bc,noisy_target,42,57,-8.251992211845456,8.210157425702615,-3.8365468343669704,8.359218741856141,-8.13630120142114,8.607000178681611,1,0,1,keep,turn_left,-0.47202504145290486,-60.09444703868399,0.41336252912540045,4.306887885403648,2.3601252072645242,4.417960746483557,False,False,False,False,False
bc,noisy_target,42,58,-8.714499722737239,8.020192159486164,-4.335718682051507,8.387984458937519,-8.582830741413096,8.736290655513237,13,2,3,turn_right,accelerate,-0.49894733041829,-60.59339436910228,0.7281028613150566,4.261370442867843,2.49473665209145,4.394200106709358,False,False,False,False,True
bc,noisy_target,42,59,-8.363058273002578,7.664539368960912,-4.834045701058958,8.428852320725817,-7.855908660815437,8.798102199569021,13,2,3,turn_right,accelerate,-0.42861787399114465,-61.02201224309342,1.241839530727636,3.0443392091838106,2.143089369955723,3.610831486122234,False,False,False,False,False
bc,noisy_target,42,60,-7.863093743785086,7.658583739327315,-5.330354218625015,8.489497645289074,-7.959677001046895,8.226312933986138,8,1,3,turn_left,accelerate,-0.3218347891716246,-61.343847032265046,0.5758860686379353,2.6424618230783103,1.609173945858123,2.6655557434480133,False,False,False,False,False
bc,noisy_target,42,61,-7.851183329521266,8.158441861229985,-5.209959054099804,8.974786223723543,-8.373565646183325,7.745980998220562,6,1,1,turn_left,turn_left,-0.4059460161814401,-61.749793048446485,0.6655878967316771,3.3938722650827238,2.0297300809072003,2.7645042577740115,False,False,False,False,True
bc,noisy_target,42,62,-7.874997398741249,7.659009293101728,-5.443664647071097,8.532766206287752,-8.53509437677658,7.398673159096628,6,1,1,turn_left,turn_left,-0.40024664015426376,-62.15003968860075,0.7095793987145469,3.2928870028280905,2.0012332007713187,2.5835692544780606,False,False,False,False,True
bc,noisy_target,42,63,-7.827423311748769,8.156740853530472,-5.0304544459510465,8.814292989543496,-9.043447553789434,7.5198883195878,12,2,2,turn_right,turn_right,-0.5589282612254672,-62.70896794982622,1.3726966552081994,4.2165859570464725,2.794641306127336,2.873222867759667,False,False,False,False,True
bc,noisy_target,42,64,-7.92213980996773,7.665794028543145,-5.506312539289823,8.66080333189848,-8.903712091665993,7.2790604638741545,8,1,3,turn_left,accelerate,-0.47226441393610774,-63.18123236376233,1.0550104237588924,3.6676337156021845,2.3613220696805386,2.6127121761714847,False,False,False,False,True
bc,noisy_target,42,65,-7.736136753669663,8.129909168403696,-5.79846972262654,9.066567031882542,-9.214334300469465,7.061400240563895,11,2,1,turn_right,turn_left,-0.5784858185117497,-63.75971818227408,1.8239460836982861,3.960912101419211,2.8924290925587486,2.1521806328485136,False,False,False,False,True
bc,noisy_target,42,66,-8.081444091622732,7.768297716212583,-5.324282603876027,8.907990310983518,-9.178490395547211,7.162715328531017,6,1,1,turn_left,turn_left,-0.5484038235454869,-64.30812200581957,1.2530924232571463,4.230945812197723,2.7420191177274345,2.9834273378263014,False,False,False,False,True
bc,noisy_target,42,67,-7.581975739904906,7.791349085635644,-5.625062757412077,8.508576616627867,-9.287670419448558,6.948963660681501,12,2,2,turn_right,turn_right,-0.5883208973826596,-64.89644290320223,1.9023689295188495,3.980840044307746,2.941604486913298,2.084208183522505,False,False,False,False,True
bc,noisy_target,42,68,-7.535922021942607,7.293474548164757,-6.085092251346867,8.312686686539307,-8.717360223261448,7.385813199118593,13,2,3,turn_right,accelerate,-0.39757273428280127,-65.29401563748503,1.1850412018134526,2.7906861410145596,1.987863671414006,1.7730483372590011,False,False,False,False,False
bc,noisy_target,42,69,-7.627637916059784,7.784990768412153,-6.445552832969113,8.659195227698904,-8.903537795124215,7.001847212945483,11,2,1,turn_right,turn_left,-0.44616144329229424,-65.74017708077733,1.4970752585844203,2.9645391743385217,2.230807216461471,1.4702239898404312,False,False,False,False,True
bc,noisy_target,42,70,-7.447318517607444,7.318637989347005,-5.945942151835256,8.678922551312695,-8.559419641833596,6.2096485367322884,6,1,1,turn_left,turn_left,-0.5166043978640374,-66.25678147864137,1.5705497497741865,3.5954942288661877,2.583021989320187,2.02595781822364,False,False,False,False,True
bc,noisy_target,42,71,-7.7836883279578615,7.68857764751415,-5.906518225484717,8.180479220500548,-8.686403876199288,6.309782980853874,12,2,2,turn_right,turn_right,-0.4998731716147218,-66.7566546502561,1.6480200526230382,3.3507116635241796,2.4993658580736087,1.9405501155923612,False,False,False,False,False
bc,noisy_target,42,72,-7.285942197322738,7.6411562447748524,-5.985120598140138,8.674262236624976,-8.606368707477557,6.364226466031414,7,1,2,turn_left,turn_right,-0.5330747115729767,-67.28972936182907,1.836865762259562,3.4938813534702047,2.6653735578648834,1.6611576756276347,False,False,False,False,True
bc,noisy_target,42,73,-7.380357476213839,7.1501514025259025,-5.829870531562818,8.198975568573223,-8.143280294011028,5.602762655866273,11,2,1,turn_right,turn_left,-0.5202625020070976,-67.80999186383617,1.7252429275914922,3.477382092479483,2.6013125100354877,1.8719086240567713,False,False,False,False,False
bc,noisy_target,42,74,-7.1949240397425775,7.614494422973566,-6.1250236789962065,8.602565235884175,-8.123428399444686,5.574926244212152,12,2,2,turn_right,turn_right,-0.5868674367333766,-68.39685930056955,2.240972713310444,3.627701654023322,2.934337183666883,1.4563552840056047,False,False,False,False,True
bc,noisy_target,42,75,-7.402089516186619,7.159431278597191,-5.648540636682521,8.451026757643517,-7.618496970781183,5.064901443894242,16,3,1,accelerate,turn_left,-0.6023149977152251,-68.99917429828477,2.1056797987502427,3.9174701784020085,3.0115749885761254,2.1778779934383343,False,False,False,False,False
bc,noisy_target,42,76,-7.453476117018095,6.6620788710882035,-5.937362697241302,8.042882399193495,-7.717058804634089,4.6455292293305845,17,3,2,accelerate,turn_right,-0.5868977116316872,-69.58607200991646,2.0337030980169284,3.8352740182999443,2.9344885581584363,2.0506628891300736,False,False,False,False,False
bc,noisy_target,42,77,-7.518279747369304,6.166296167181236,-6.408887075693211,7.876555129855176,-7.664136347295005,5.434537466982772,16,3,1,accelerate,turn_left,-0.3491895771670119,-69.93526158708347,0.746153431311571,2.7457423403585475,1.7459478858350592,2.0385626846813323,False,False,False,False,False
bc,noisy_target,42,78,-7.583083377720513,5.670513463274268,-6.722596524870626,8.26589608775301,-7.2439392664418545,5.587496288502264,1,0,1,keep,turn_left,-0.3077823981432213,-70.24304398522669,0.3491569554256604,2.728667026006552,1.5389119907161062,2.7343095273530507,False,False,False,False,False
bc,noisy_target,42,79,-7.711597454034552,5.187311505301053,-6.234036775093279,8.1595505617658,-7.041340424915846,5.397902507151624,6,1,1,turn_left,turn_left,-0.35797894669094926,-70.60102293191764,0.7025617803036692,2.8772276866058233,1.7898947334547461,3.319245481841897,False,False,False,False,False
bc,noisy_target,42,80,-7.959990467242805,4.753374976544456,-6.441861349358285,7.704788045355785,-6.665699424804374,5.162149945775507,7,1,2,turn_left,turn_right,-0.3909780209425591,-70.9920009528602,1.3573084682584895,2.5524717411671016,1.9548901047127956,3.3189689846877353,False,False,False,False,False
bc,noisy_target,42,81,-8.391137674918728,4.500171332587156,-6.8199046548166615,7.377552260029509,-6.050877733185182,5.1384398020550615,6,1,1,turn_left,turn_left,-0.4793231491792323,-71.47132410203943,2.4257376680093836,2.367493823782939,2.3966157458961614,3.2784286182663904,False,False,False,False,False
bc,noisy_target,42,82,-7.908756588827498,4.63173305871389,-7.314741846612715,7.44921922323709,-6.140915997343251,4.76540060736786,16,3,1,accelerate,turn_left,-0.4702178369435308,-71.94154193898297,1.7728867336811265,2.929291635754182,2.351089184717654,2.8794238662010407,False,False,False,False,False
bc,noisy_target,42,83,-7.410179731688521,4.669430771183211,-7.172887931339953,7.928674608775504,-6.294385923237063,4.630859860213468,16,3,1,accelerate,turn_left,-0.45292813765439344,-72.39447007663736,1.1164602716405292,3.4128211049034047,2.264640688271967,3.267870528554643,False,False,False,False,False
bc,noisy_target,42,84,-6.911602874549543,4.707128483652531,-6.900837436791011,8.348184475662656,-6.643697994152525,4.778508238893827,2,0,2,keep,turn_right,-0.38561766539567927,-72.78008774203305,0.2772509592388236,3.578925694717969,1.9280883269783962,3.6410719069530835,False,False,False,False,False
bc,noisy_target,42,85,-6.413026017410566,4.744826196121852,-6.444325969771768,8.552138589325361,-7.2921144798484905,4.913276566023215,2,0,2,keep,turn_right,-0.463139880795582,-73.24322762282863,0.8950821481357901,3.7363166598200293,2.3156994039779097,3.8074410496367306,False,False,False,False,True
bc,noisy_target,42,86,-6.4882068454276975,5.239141726020174,-6.071896403240685,8.218527711245118,-6.648897541349176,4.473851912889032,7,1,2,turn_left,turn_right,-0.4570847107294209,-73.70031233355805,0.7819782591850155,3.7888688481091934,2.2854235536471044,3.0083309713574993,False,False,False,False,False
bc,noisy_target,42,87,-6.339554642069766,4.76175035362554,-6.568882622094598,8.163712583138999,-6.8646341197712974,4.688476780405758,7,1,2,turn_left,turn_right,-0.401796510755859,-74.1021088443139,0.5301674022756471,3.4877977052829423,2.008982553779295,3.409683025364448,False,False,False,False,False
bc,noisy_target,42,88,-6.623415759551883,5.173360443372868,-6.67785207510841,8.651693790061838,-6.94119924720352,4.883770867869849,11,2,1,turn_right,turn_left,-0.4207054697746494,-74.52281431408855,0.4299400740382974,3.7771146237081963,2.103527348873247,3.4787592878984688,False,False,False,False,True
bc,noisy_target,42,89,-6.156055359381519,4.995668979445653,-6.465151894310805,8.199191156822355,-6.970696324396968,5.203893768071289,6,1,1,turn_left,turn_left,-0.3878491962774001,-74.91066351036595,0.8408314126384039,3.037660550135597,1.9392459813870004,3.2183994483049583,False,False,False,False,False
bc,noisy_target,42,90,-5.688694959211154,4.817977515518438,-6.850141461916527,8.51822568917702,-7.097937873469443,5.207575915499895,2,0,2,keep,turn_right,-0.4782015892118457,-75.3888650995778,1.4621055039412538,3.319910388177203,2.3910079460592284,3.8782463208659426,False,False,False,False,True
bc,noisy_target,42,91,-5.221334559040789,4.6402860515912225,-6.358841595266463,8.611093557837984,-6.8737641045398705,5.614755002116839,1,0,1,keep,turn_left,-0.49586235883987695,-75.88472745841767,1.9183620978263711,3.0402614905723984,2.4793117941993845,4.130524725640623,False,False,False,False,True
bc,noisy_target,42,92,-4.889150744289265,5.013989026180836,-6.176337709309636,8.145591321956502,-6.781276407838773,6.1297545513655125,7,1,2,turn_left,turn_right,-0.4301254015053784,-76.31485285992305,2.1966047058707,2.1046493091830847,2.150627007526892,3.385820908114571,False,False,False,False,False
bc,noisy_target,42,93,-5.385703063021944,4.9553733733123355,-6.516161577189482,8.512360648399133,-6.5984225289803184,6.674279498387125,7,1,2,turn_left,turn_right,-0.3943567036392211,-76.70920956356227,2.103646065747276,1.839920970644935,1.9717835181961054,3.7323042383202467,False,False,False,False,True
bc,noisy_target,42,94,-5.269280109638409,4.4691165523571375,-6.017613692663799,8.474281693122409,-6.8888838893099065,6.283543018281641,11,2,1,turn_right,turn_left,-0.4789766752620166,-77.18818623882429,2.4321307126413836,2.3576360399787815,2.3948833763100827,4.074475543709266,False,False,False,False,False
bc,noisy_target,42,95,-5.49572593043238,4.914899336058959,-6.093550423056436,7.980081720462275,-6.803564956025464,6.788066042803068,12,2,2,turn_right,turn_right,-0.36720076934574675,-77.55538700817003,2.2845560680619856,1.3874516253954818,1.8360038467287336,3.122937267003231,False,False,False,False,False
bc,noisy_target,42,96,-5.781960758256619,5.324862289678464,-5.943438702720672,8.45701617237138,-7.088708630443327,6.4270405710018945,17,3,2,accelerate,turn_right,-0.4040259462292758,-77.95941295439931,1.7094990392759983,2.330760423016759,2.020129731146379,3.136313611776834,False,False,False,False,False
bc,noisy_target,42,97,-6.164162749063276,5.6472310819388625,-6.229812506974552,8.04715028670003,-7.124669941779267,6.254275943143517,16,3,1,accelerate,turn_left,-0.3140044398589971,-78.2734173942583,1.1362559266178245,2.0037884719721464,1.5700221992949854,2.400816960972927,False,False,False,False,False
bc,noisy_target,42,98,-6.546364739869934,5.969599874199261,-6.699311918628914,7.875190109751385,-6.967981957168224,6.619611689243148,1,0,1,keep,turn_left,-0.20587769418556326,-78.47929508844386,0.7747750884088888,1.284001853446744,1.0293884709278163,1.911718333155261,False,False,False,False,False
bc,noisy_target,42,99,-7.039204716573382,5.885286427092973,-7.022252726250388,8.25690889992655,-7.402842725771871,6.960546957145295,11,2,1,turn_right,turn_left,-0.24861597049152656,-78.72791105893539,1.1350849348054273,1.3510747701098382,1.2430798524576328,2.3716830571611296,False,False,False,False,False
bc,noisy_target,42,100,-6.872992567342781,5.413721456544753,-6.529162428716551,8.174071960835386,-7.489558877900952,6.987365017622305,11,2,1,turn_right,turn_left,-0.3216762371067066,-79.04958729604209,1.6901207272370085,1.5266416438300576,1.608381185533533,2.781681878066808,False,False,False,False,False
bc,noisy_target,42,101,-7.055395605368983,5.879263218064395,-6.692546792489567,7.701519794747358,-7.4575872101757446,7.035303430370265,17,3,2,accelerate,turn_right,-0.22384655001612275,-79.27343384605821,1.2240045177389005,1.0144609824223267,1.1192327500806136,1.8580307565463798,False,False,False,False,False
bc,noisy_target,42,102,-7.237798643395186,6.344804979584037,-6.383716252466154,8.094741993445306,-7.3990884367776895,7.005856769274304,2,0,2,keep,turn_right,-0.2169286278369838,-79.49036247389519,0.6804438743218109,1.4888424040480273,1.084643139184919,1.9472381166608115,False,False,False,False,False
bc,noisy_target,42,103,-7.420201681421388,6.810346741103679,-6.869472348358477,7.976247203249915,-7.780188949421899,6.486661019835462,1,0,1,keep,turn_left,-0.22300408589395798,-79.71336655978915,0.48411081301226633,1.7459300459273133,1.1150204294697899,1.2894288215829235,False,False,False,False,False
bc,noisy_target,42,104,-7.080536754904378,6.4434302142284325,-7.099710615034048,8.420083142036118,-8.131315005244716,6.726576356603023,6,1,1,turn_left,turn_left,-0.3071229262336864,-80.02048948602284,1.088258548934909,1.982970713401955,1.535614631168432,1.9767459204265394,False,False,False,False,False
bc,noisy_target,42,105,-7.579051455460208,6.481941165005207,-6.690958546096209,8.1321217798032,-8.033183915275375,7.335440254667072,11,2,1,turn_right,turn_left,-0.2527652944258844,-80.27325478044872,0.96679728335955,1.5608556608992945,1.2638264721294221,1.8739810770436538,False,False,False,False,False
bc,noisy_target,42,106,-7.655844555838623,5.9878735383241315,-7.161777756443662,7.9638087643593485,-8.133496914189156,7.101957960754727,12,2,2,turn_right,turn_right,-0.25110168920993825,-80.52435646965866,1.212161654128829,1.2988552379705534,1.2555084460496913,2.0367675419034015,False,False,False,False,False
bc,noisy_target,42,107,-7.504080616440842,6.464284817261214,-7.478757760533552,8.350491679688142,-8.076596513854232,7.480644160895203,11,2,1,turn_right,turn_left,-0.2222000228962628,-80.74655649255492,1.1665165100345438,1.055483718928084,1.111000114481314,1.8863768379880348,False,False,False,False,False
bc,noisy_target,42,108,-7.793288826300949,6.056413990467348,-6.988474752203907,8.252396971659445,-8.321833532015251,7.355753476428941,6,1,1,turn_left,turn_left,-0.30095296324820064,-81.04750945580312,1.402726846437878,1.606802786044128,1.504764816241003,2.3388174250141907,False,False,False,False,False
bc,noisy_target,42,109,-7.321450459616085,6.221848435865397,-7.180851426418018,7.790887258632385,-7.812857007724616,7.300000233646694,12,2,2,turn_right,turn_right,-0.1985110021,-81.24602045790313,1.1848593564566996,0.8002506645433003,0.9925550105,1.5753256537891616,False,False,False,False,False
bc,noisy_target,42,110,-7.633683733656211,6.612374212968758,-6.825716611579401,8.142852119505658,-8.199022053402691,7.716383673587685,7,1,2,turn_left,turn_right,-0.2678340110872987,-81.51385446899043,1.2403403988058548,1.4379997120671317,1.3391700554364934,1.7306569540942116,False,False,False,False,False
bc,noisy_target,42,111,-7.945917007696337,7.00289999007212,-7.325696514363118,8.147335066347491,-8.008600491959372,8.156030060221317,1,0,1,keep,turn_left,-0.18377918617386277,-81.6976336551643,1.1548325323966446,0.6829593293419829,0.9188959308693138,1.3016931682082058,False,False,False,False,False
bc,noisy_target,42,112,-8.433657575624522,7.112941520400856,-7.316730981058463,8.647254679097946,-7.807628187478946,8.103393938076666,11,2,1,turn_right,turn_left,-0.1904354090353505,-81.88806906419964,1.171711904224661,0.7326421861288437,0.9521770451767524,1.897799221888337,False,False,False,False,True
bc,noisy_target,42,113,-8.64834444961742,6.6613780739892166,-7.334659164809521,8.147576202247691,-7.5826128007226385,7.997090100242589,11,2,1,turn_right,turn_left,-0.19988212526872806,-82.08795118946837,1.7087745797892364,0.29004667289804387,0.9994106263436402,1.9835709979629683,False,False,False,False,True
bc,noisy_target,42,114,-9.036123428495717,6.345739889448586,-7.298825854611841,8.646290523157246,-7.577297222493234,7.816677793956359,7,1,2,turn_left,turn_right,-0.2946775813738088,-82.38262877084217,2.0716737721555765,0.8751020415825111,1.4733879068690439,2.882834729650682,False,False,False,False,True
bc,noisy_target,42,115,-8.684034642700892,6.7007518426523145,-7.370308194456551,8.151426627636138,-7.594553348451259,7.765660867779012,16,3,1,accelerate,turn_left,-0.19696905637508083,-82.57959782721726,1.5234830889498405,0.4462074748009676,0.9848452818754041,1.9571240411901727,False,False,False,False,True
bc,noisy_target,42,116,-8.331945856906067,7.055763795856043,-7.228812077830482,8.63098772799744,-8.124337058492609,7.089035702638843,2,0,2,keep,turn_right,-0.19933959906605658,-82.7789374262833,0.21025801520903636,1.7831379754515295,0.9966979953302829,1.923079449978233,False,False,False,False,True
bc,noisy_target,42,117,-7.979857071111242,7.410775749059772,-7.500236211374676,8.21107233207847,-8.322069987696894,7.391840951934116,1,0,1,keep,turn_left,-0.1503146111338789,-82.92925203741719,0.3427363517636377,1.160409759575151,0.7515730556693944,0.9330116772505295,False,False,False,False,False
bc,noisy_target,42,118,-7.6629771638959,7.730286506943127,-7.744517931564451,7.833148475751396,-8.38240173103908,7.313192240902288,24,4,4,decelerate,decelerate,-1.16545405824795,-84.09470609566513,0.831588440620297,0.8229521418592027,0.8272702912397498,0.13126111922077244,False,True,False,False,False
bc,noisy_target,42,119,-7.38130613526004,8.01429606950611,-7.961657238399805,7.49721615901622,-8.107881306625735,7.302874529649702,24,4,4,decelerate,decelerate,-0.12600817153402413,-84.22071426719916,1.0168736829207212,0.24320803241952008,0.6300408576701206,0.777289544988079,False,False,False,False,False
bc,noisy_target,42,120,-7.09963510662418,8.298305632069091,-8.32637779039716,7.33296355188091,-8.076492957757248,8.041027564736385,1,0,1,keep,turn_left,-0.17610341383387645,-84.39681768103303,1.0101699189991589,0.7508642193396057,0.8805170691693822,1.5610198409926053,False,False,False,False,False
bc,noisy_target,42,121,-7.499621434771859,8.294998473933008,-8.625909298104133,7.59806895712718,-8.041393357541232,8.357284106424656,6,1,1,turn_left,turn_left,-0.1503498433218609,-84.54716752435489,0.5453405507718161,0.958157882446793,0.7517492166093045,1.324475406523196,False,False,False,False,True
bc,noisy_target,42,122,-7.899607762919538,8.291691315796925,-9.022946406777548,7.549473336581122,-8.273058321448998,8.498539582956264,2,0,2,keep,turn_right,-0.1636478979396169,-84.7108154222945,0.4269092705631806,1.2095697088329882,0.8182394896980845,1.3463941612529158,False,False,False,False,True
bc,noisy_target,42,123,-7.89299367272226,7.89174600227161,-8.926475083398563,7.161281008262403,-7.886883130876938,8.694700141760746,12,2,2,turn_right,turn_right,-0.2655577094931095,-84.97637313178761,0.8029773899957476,1.8525997049353469,1.3277885474655473,1.2655682256150205,False,False,False,False,True
bc,noisy_target,42,124,-7.886379582524982,7.491800688746295,-8.739227945206181,6.807814589434865,-7.767561824319968,8.564230565697482,1,0,1,keep,turn_left,-0.3086261711371453,-85.28499930292476,1.078991890906694,2.0072698204647588,1.5431308556857264,1.0932462274251251,False,False,False,False,True
bc,noisy_target,42,125,-7.873153210636806,7.092019419691984,-8.408300068343351,6.5831220432410475,-8.513186982469549,8.351884377143083,6,1,1,turn_left,turn_left,-0.31849876433652513,-85.60349806726128,1.4131181621151527,1.7718694812500984,1.5924938216826257,0.7384840547173888,False,False,False,False,False
bc,noisy_target,42,126,-7.899591489329002,7.491144735125363,-8.036514932049235,6.730688341665745,-7.907724258812964,8.834368685879324,11,2,1,turn_right,turn_left,-0.34508676135817434,-85.94858482861946,1.3432485711209825,2.107619042460761,1.7254338067908717,0.772684900538356,False,False,False,False,False
bc,noisy_target,42,127,-7.926029768021198,7.890270050558741,-8.310829713910456,7.021809279511912,-8.736578665398412,8.44312356701847,1,0,1,keep,turn_left,-0.2464850794871871,-86.19506990810665,0.9811404209904426,1.4837103738814283,1.2324253974359354,0.9498921566175972,False,False,False,False,False
bc,noisy_target,42,128,-7.873268836408506,7.493764963459773,-7.911535831107931,6.998052277249756,-8.607171667663076,8.745910564681312,6,1,1,turn_left,turn_left,-1.3332573605910023,-87.52832726869765,1.4513724444063014,1.8812011615037207,1.666286802955011,0.49718752010974343,False,True,False,False,False
bc,noisy_target,42,129,-7.8271030212474,7.146823012248175,-7.562153683655721,6.97726490027037,-8.454084606467946,8.652785386233187,24,4,4,decelerate,decelerate,-1.3529399150590469,-88.8812671837567,1.6312659440030743,1.8981332065873942,1.7646995752952344,0.31456017679888804,False,True,False,False,False
bc,noisy_target,42,130,-7.787532322537881,6.849444196923948,-7.262683271553826,6.959447148573754,-8.428152205874202,8.461326683344318,24,4,4,decelerate,decelerate,-0.3635561626692422,-89.24482334642595,1.7345198139411822,1.9010418127512392,1.8177808133462108,0.5362529027338999,False,False,False,False,False
bc,noisy_target,42,131,-7.7545567402799485,6.601628517487093,-7.013124594802246,6.944599022159907,-8.517414487439483,8.488497788240112,24,4,4,decelerate,decelerate,-0.4190823153584229,-89.66390566178437,2.035246321041596,2.155576832542633,2.0954115767921144,0.8169151690495124,False,False,False,False,False
bc,noisy_target,42,132,-7.7281762744736024,6.403375973937608,-6.813477653400982,6.93272052102883,-7.8020750712237525,8.140694607813721,24,4,4,decelerate,decelerate,-0.32998272262088646,-89.99388838440525,1.7388896077020768,1.5609376185067878,1.6499136131044323,1.0568250644867216,False,False,False,False,False
bc,noisy_target,42,133,-7.738800697729516,6.6531501151742045,-6.789762589208471,7.131309533137621,-7.976576854039233,8.763308117991539,16,3,1,accelerate,turn_left,-0.4141418962553126,-90.40803028066057,2.12351225505375,2.017906707499376,2.070709481276563,1.0626898702878071,False,False,False,False,False
bc,noisy_target,42,134,-7.772392614481186,6.951263488119715,-6.836858100909343,6.936933575834169,-8.320742332159796,8.707564294523001,16,3,1,accelerate,turn_left,-0.41501176801232664,-90.82304204867289,1.839913023882119,2.3102046562411473,2.075058840061633,0.9356442552969667,False,False,False,False,False
bc,noisy_target,42,135,-7.705631283770886,6.658786267260056,-6.745315749193813,7.1147537036105,-8.642662356478894,8.927143690931787,7,1,2,turn_left,turn_right,-0.5078144079293783,-91.33085645660226,2.4542763969746715,2.6238676823191107,2.539072039646891,1.0630673680261498,False,False,False,False,False
bc,noisy_target,42,136,-7.8392596215783446,6.982272692531374,-6.908096475983826,6.9985537251865955,-9.152628816338725,8.42974405175673,16,3,1,accelerate,turn_left,-0.4616508266317332,-91.792507283234,1.9545106747017855,2.661997591615546,2.3082541331586657,0.9313054685428399,False,False,False,False,False
bc,noisy_target,42,137,-7.592248459793872,6.734310022046712,-6.718945306575558,6.9335780750437515,-9.146088866736054,8.471478020423277,7,1,2,turn_left,turn_right,-0.520405599037918,-92.31291288227192,2.330702182783096,2.873353807596084,2.60202799518959,0.8957489348954205,False,False,False,False,False
bc,noisy_target,42,138,-7.380524606835753,6.521770590202716,-6.577081929519357,6.884846337436618,-9.199168885433469,8.590242842498489,24,4,4,decelerate,decelerate,-0.5882170905644504,-92.90112997283637,2.7542774861283954,3.1278934195161088,2.941085452822252,0.8816712164762971,False,False,False,False,False
bc,noisy_target,42,139,-7.2040880627039865,6.3446543969993865,-6.4825063448152225,6.852358512365195,-8.903556161218559,9.190308338470185,24,4,4,decelerate,decelerate,-0.668013812019908,-93.56914378485628,3.31450421216764,3.3656339080314397,3.3400690600995397,0.8822945337871466,False,False,False,False,False
bc,noisy_target,42,140,-7.062938827398574,6.202961442436722,-6.3879307601110895,6.819870687293774,-9.126739545583673,9.126360883619643,24,4,4,decelerate,decelerate,-0.7159120890543105,-94.2850558739106,3.5784825970081156,3.5806382935349887,3.579560445271552,0.9144467766323431,False,False,False,False,False
bc,noisy_target,42,141,-6.957076900919514,6.096691726514724,-6.2933551754069565,6.787382862222352,-9.376516380159815,8.859011864769258,24,4,4,decelerate,decelerate,-0.7386572875908879,-95.02371316150148,3.67207025258411,3.714502623324768,3.693286437954439,0.957904365718447,False,False,False,False,False
bc,noisy_target,42,142,-6.8865022832668075,6.025845249233392,-6.198779590702824,6.754895037150931,-9.422042258573242,8.87975388507135,24,4,4,decelerate,decelerate,-0.7678186942153472,-95.79153185571683,3.817559098178761,3.8606278439747106,3.839093471076736,1.0022355487259793,False,False,False,False,False
bc,noisy_target,42,143,-6.815927665614101,5.954998771952059,-6.104204005998691,6.722407212079509,-9.566623369434085,8.498840847469555,24,4,4,decelerate,decelerate,-0.7638197285495091,-96.55535158426633,3.746659760398171,3.8915375250969193,3.8190986427475453,1.046645251092842,False,False,False,False,False
bc,noisy_target,42,144,-6.926053586289949,6.056843170891309,-6.237663570802033,6.790880159748662,-10.0,8.362967814126705,18,3,3,accelerate,accelerate,-0.7920409052866374,-97.34739248955297,3.8428319537157063,4.077577099150667,3.960204526433187,1.0063255509198914,False,False,False,False,False
bc,noisy_target,42,145,-7.08603697618228,6.176865314508886,-6.115818640179004,6.878366232248627,-10.0,8.048341147968703,16,3,1,accelerate,turn_left,-0.7519741404466123,-98.09936662999958,3.463178063484612,4.056563340981511,3.7598707022330613,1.1972581831445817,False,False,False,False,False
bc,noisy_target,42,146,-7.296390224730358,6.3119634670694245,-6.257948432635532,6.926315393829038,-10.0,8.143880973497064,16,3,1,accelerate,turn_left,-0.720094793583665,-98.81946142358325,3.2657966206256055,3.935151315211044,3.600473967918325,1.2065610823668906,False,False,False,False,False
bc,noisy_target,42,147,-7.544747065893822,6.480245609459239,-6.448134337451941,6.9881969064896365,-9.955716108014627,8.100167801198634,18,3,3,accelerate,accelerate,-0.6584258395828841,-99.47788726316614,2.9046376072334184,3.6796207885954226,3.2921291979144205,1.2085420953924655,False,False,False,False,False
bc,noisy_target,42,148,-7.835261504817586,6.67544130812294,-6.3304444226843,7.149903690397998,-10.0,7.988376881769348,16,3,1,accelerate,turn_left,-0.6295906666984433,-100.10747792986459,2.5317765646025805,3.7641301023818525,3.1479533334922163,1.5778431490088805,False,False,False,False,False
bc,noisy_target,42,149,-8.177272490375818,6.882874395545092,-6.520756998839543,7.088412850778143,-10.0,8.344976788484772,16,3,1,accelerate,turn_left,-0.6035881750611802,-100.71106610492576,2.336681189589352,3.6992005610224505,3.017940875305901,1.669218269214442,False,False,False,False,False
bc,noisy_target,42,150,-8.528294864752457,7.164447286084979,-6.755891789706276,7.173334168031574,-9.986922027263201,7.999439166792153,18,3,3,accelerate,accelerate,-0.5015682660328313,-101.2126343709586,1.6807155143155694,3.334967146012743,2.5078413301641564,1.7724253544518858,False,False,False,False,True
bc,noisy_target,42,151,-8.879317239129096,7.446020176624866,-6.596148140326172,7.365641127039111,-10.0,8.409625429635755,1,0,1,keep,turn_left,-0.5038346159981237,-101.71646898695673,1.477993550102101,3.560352609879136,2.5191730799906185,2.2845835343319933,False,False,False,False,True
bc,noisy_target,42,152,-9.230339613505734,7.727593067164753,-6.841906663790604,7.319785395177298,-9.866392805413566,8.523113950873363,1,0,1,keep,turn_left,-0.4273612190617622,-102.14383020601849,1.018536763868968,3.255075426748654,2.136806095308811,2.4229979472993257,False,False,False,False,True
bc,noisy_target,42,153,-9.581361987882373,8.00916595770464,-7.120654687578549,7.430688682929805,-10.0,8.71873046019738,3,0,3,keep,accelerate,-0.3978168023169526,-102.54164700833545,0.8238565217242425,3.1543115014452834,1.989084011584763,2.527788831211866,False,False,False,False,True
bc,noisy_target,42,154,-10.0,7.9115361474245836,-6.914560872294569,7.648691754701036,-10.0,8.602323228496559,11,2,1,turn_right,turn_left,-0.39202371269140024,-102.93367072102684,0.6907870810719752,3.229450045842027,1.960118563457001,3.09661456845405,False,False,False,False,True
bc,noisy_target,42,155,-9.809391155819618,7.503898724559338,-7.214088104327638,7.631856159356419,-10.0,8.841403249959967,11,2,1,turn_right,turn_left,-0.4388172962766758,-103.37248801730352,1.3510181667716177,3.0371547959951397,2.194086481383379,2.598455509375412,False,False,False,False,True
bc,noisy_target,42,156,-9.464060942410667,7.2153730866917,-7.180469975839624,7.33374574116047,-9.566580030221884,9.0575554875489,7,1,2,turn_left,turn_right,-0.4788677044485322,-103.85135572175206,1.8450328347738536,2.943644209711468,2.394338522242661,2.28665690210203,False,False,False,False,True
bc,noisy_target,42,157,-9.021231519749398,7.29538622577202,-7.247282738123139,7.626211217406892,-9.858054666428027,9.140326453765327,7,1,2,turn_left,turn_right,-0.5043910423231968,-104.35574676407525,2.0258522709430515,3.0180581522889156,2.5219552116159836,1.804533029601703,False,False,False,False,True
bc,noisy_target,42,158,-9.178707840568306,7.716932437214301,-7.11701322918589,7.355970852099915,-9.707936173138238,9.08666318923455,6,1,1,turn_left,turn_left,-0.45842106690349205,-104.81416783097875,1.468415799773588,3.115794869261333,2.2921053345174602,2.093054690286802,False,False,False,False,True
bc,noisy_target,42,159,-9.336184161387214,8.138478648656582,-7.351707093742974,7.542836552374903,-9.78273106006175,8.465796775269219,2,0,2,keep,turn_right,-0.31539949763345093,-105.1295673286122,0.5536617096432187,2.6003332666912904,1.5769974881672546,2.071940814518773,False,False,False,False,True
bc,noisy_target,42,160,-9.041146177240192,7.79869550029507,-7.059332204738291,7.610044619446493,-9.99549298565084,8.096752165769598,6,1,1,turn_left,turn_left,-0.3976034316341022,-105.52717076024629,0.9998077848053517,2.97622653153567,1.988017158170511,1.990772658152786,False,False,False,False,True
bc,noisy_target,42,161,-9.486697000083344,7.861818113230453,-7.404620529545053,7.667280733501692,-10.0,7.627630783646083,13,2,3,turn_right,accelerate,-0.31598841249966636,-105.84315917274596,0.5642018034899361,2.5956823215067275,1.5799420624983318,2.0911449546315346,False,False,False,False,True
bc,noisy_target,42,162,-9.361699968379478,8.294109383169163,-7.291689318456089,7.99856088920375,-10.0,7.742545966281945,6,1,1,turn_left,turn_left,-0.3563977225716657,-106.19955689531763,0.843592990259558,2.7203842354570984,1.7819886128583282,2.0910028701753314,False,False,False,False,True
bc,noisy_target,42,163,-9.601856082040959,7.913550529545951,-7.505471428131369,7.721437794563864,-9.801951526580494,7.577762236166388,6,1,1,turn_left,turn_left,-0.26918562511595856,-106.46874252043358,0.3908861277868963,2.3009701233726894,1.3459281255797928,2.1051688578567584,False,False,False,False,True
bc,noisy_target,42,164,-9.84201219570244,7.532991675922739,-7.166934514920758,7.810278992179789,-10.0,7.357108776871973,2,0,2,keep,turn_right,-0.3105501673083745,-106.77929268774196,0.23642110837500568,2.8690805647087387,1.5527508365418723,2.6894105030607243,False,False,False,False,True
bc,noisy_target,42,165,-10.0,7.194717139368772,-6.995071516024593,7.505380468715971,-9.510231040360111,7.554036212901819,22,4,2,decelerate,turn_right,-0.31230704953291066,-107.09159973727486,0.6074403924924536,2.515630102836653,1.5615352476645532,3.0209447029046763,False,False,False,False,True
bc,noisy_target,42,166,-10.0,7.0225688289647685,-7.294504513747476,7.686598237918353,-9.414826212399793,7.3901562933478475,7,1,2,turn_left,turn_right,-0.2831993302462657,-107.37479906752112,0.6910491340461639,2.140944168416493,1.4159966512313285,2.785792684692819,False,False,False,False,True
bc,noisy_target,42,167,-10.0,6.850420518560765,-6.984432628759346,7.8489417814915665,-9.079102611450216,7.373742941032946,1,0,1,keep,turn_left,-0.3207102253950863,-107.69550929291621,1.0592064756693873,2.147895778281476,1.6035511269754315,3.176584845870828,False,False,False,False,True
bc,noisy_target,42,168,-10.0,6.678272208156761,-7.272079306310197,8.04833934640638,-9.074303976181223,7.42221853237873,1,0,1,keep,turn_left,-0.30954788425594976,-108.00505717717216,1.1875896858078858,1.9078891567516114,1.5477394212797486,3.0526439809405477,False,False,False,False,True
bc,noisy_target,42,169,-10.0,6.506123897752757,-6.944330465970335,8.171142838440913,-9.320803398713629,7.407896853164783,1,0,1,keep,turn_left,-0.3624969110167773,-108.36755408818894,1.1289386548043687,2.496030455363404,1.8124845550838864,3.479856947353925,False,False,False,False,True
bc,noisy_target,42,170,-9.689219897585955,6.254299101627524,-7.174323049421785,8.434967423264482,-9.067624954560145,7.6349985493978405,11,2,1,turn_right,turn_left,-0.35695392887506,-108.724508017064,1.5141701483877292,2.0553691403628704,1.7847696443752998,3.3286664726128725,False,False,False,False,True
bc,noisy_target,42,171,-9.297909217934974,6.337220461909946,-6.827593347469908,8.387233642936893,-8.93725261075695,7.584626973141967,6,1,1,turn_left,turn_left,-0.35556728210227306,-109.08007529916627,1.2984976675239757,2.2571751534987543,1.777836410511365,3.2101424489040666,False,False,False,False,True
bc,noisy_target,42,172,-9.460149287183466,6.70284070195451,-6.922168887047172,8.050253721704678,-8.586607411964984,7.57088607547064,7,1,2,turn_left,turn_right,-0.2963588090043953,-109.37643410817066,1.2314942867277057,1.7320938033162474,1.4817940450219766,2.8734763540471757,False,False,False,False,True
bc,noisy_target,42,173,-9.756740552500867,6.971231501605732,-6.740054270605798,8.349142106354218,-8.22878738596511,7.909435333190714,12,2,2,turn_right,turn_right,-0.33453157494952157,-109.71096568312018,1.7930051056055005,1.5523106438897152,1.6726578747476077,3.316479120701989,False,False,False,False,True
bc,noisy_target,42,174,-10.0,6.9313996082928435,-7.0510939479156995,8.18866058362044,-8.274282390608478,7.967596157178256,11,2,1,turn_right,turn_left,-0.3255913677500189,-110.0365570508702,2.012909475184124,1.243004202316065,1.6279568387500944,3.205737366675741,False,False,False,False,True
bc,noisy_target,42,175,-9.920732175386407,6.53933250691729,-6.765858970513894,7.985828121557309,-8.013662451547319,7.86724644947601,12,2,2,turn_right,turn_right,-0.35772735442982023,-110.39428440530003,2.3238481814493688,1.2534253628488332,1.788636772149101,3.4706734940059354,False,False,False,False,True
bc,noisy_target,42,176,-9.765340644243421,6.170749447012147,-6.480623993112088,7.782995659494178,-7.814181244638503,8.160501783998043,5,1,0,turn_left,keep,-0.4172739281489216,-110.81155833344894,2.7867790305669127,1.385960250922303,2.086369640744608,3.659057437084323,False,False,False,False,True
bc,noisy_target,42,177,-9.478967214083285,5.891482086766955,-6.195389015710282,7.580163197431047,-7.773041431429404,7.226196590760295,5,1,0,turn_left,keep,-0.37828940520216436,-111.18984773865111,2.166020679285736,1.6168733727359073,1.8914470260108218,3.6923609897116245,False,False,False,False,True
bc,noisy_target,42,178,-9.079093454657375,5.901530794275367,-6.525988517041309,7.465254669811569,-8.094054567434023,7.533157063705431,7,1,2,turn_left,turn_right,-0.3475448960889755,-111.53739263474009,1.9059134010852872,1.5695355598044674,1.7377244804448773,2.993923376007057,False,False,False,False,True
bc,noisy_target,42,179,-9.099184526901176,6.301025911662419,-6.308910220300269,7.190705925352576,-8.380564640253152,7.614869371087372,7,1,2,turn_left,turn_right,-0.36121625942379576,-111.89860889416389,1.4975310271776499,2.1146315670603073,1.8060812971189786,2.928679093522691,False,False,False,False,True
bc,noisy_target,42,180,-9.13931595322352,6.699007655742891,-6.649473499269121,7.271431714404056,-8.094086117104936,7.372620861283019,12,2,2,turn_right,turn_right,-0.2691639319571188,-112.16777282612101,1.2434870972352412,1.4481522223359464,1.3458196597855938,2.554796420157149,False,False,False,False,True
bc,noisy_target,42,181,-9.219173828424536,7.090954998849562,-6.806572010221806,6.958669731649678,-7.933621242836578,6.763093851675706,12,2,2,turn_right,turn_right,-0.24705945025375167,-112.41483227637477,1.3267020698476504,1.1438924326898663,1.2352972512687583,2.416225760377797,False,False,False,False,True
bc,noisy_target,42,182,-9.375674238480448,7.459068597691457,-6.5258037715171096,7.167641490829388,-8.597648682560672,6.298950880802825,12,2,2,turn_right,turn_right,-0.3643442064802684,-112.77917648285504,1.3968524913902567,2.246589573412427,1.8217210324013418,2.8647323499908035,False,False,False,False,True
bc,noisy_target,42,183,-9.663723884310018,7.736606705953113,-6.861075958739447,7.268103227202745,-8.945536554967001,6.438445882241775,11,2,1,turn_right,turn_left,-0.37270850188308635,-113.15188498473812,1.4835816675356144,2.243503351295249,1.8635425094154316,2.8415367152838655,False,False,False,False,True
bc,noisy_target,42,184,-9.264000115365123,7.751469698265818,-6.668607238247739,7.560431453059032,-9.50103389735736,6.007069661490195,6,1,1,turn_left,turn_left,-0.49908446205798285,-113.6509694467961,1.7604307717454664,3.2304138488343623,2.4954223102899142,2.602414224854172,False,False,False,False,True
bc,noisy_target,42,185,-9.234294658839955,7.352574240968256,-6.990116035928715,7.422112643731691,-9.43388699994094,5.563462830985245,11,2,1,turn_right,turn_left,-0.48704863455043673,-114.13801808134653,1.80021019327121,3.070276152233157,2.4352431727521835,2.245255727303837,False,False,False,False,True
bc,noisy_target,42,186,-9.293541517164153,7.748162170231413,-7.24423440212013,7.6627863979389295,-9.439942937516568,5.85501930160255,11,2,1,turn_right,turn_left,-0.47429397066829737,-114.61231205201483,1.8987952224822786,2.8441444842006947,2.3714698533414866,2.0510847555049,False,False,False,False,True
bc,noisy_target,42,187,-9.328237538292994,7.299501735026984,-6.894750852381287,7.681792935286323,-9.609583989061916,6.339643434446437,16,3,1,accelerate,turn_left,-0.40287207281628074,-115.01518412483111,1.0002418620282028,3.0284788661346043,2.0143603640814036,2.4633318924386276,False,False,False,False,True
bc,noisy_target,42,188,-9.362933559421835,6.850841299822556,-6.8567938687217955,7.333857212211682,-10.0,6.406544734279211,2,0,2,keep,turn_right,-0.4053834702300285,-115.42056759506114,0.7766936898575554,3.2771410124427294,2.0269173511501424,2.5522618441145863,False,False,False,False,True
bc,noisy_target,42,189,-9.293748084135045,7.295491015901787,-6.932260100466352,7.675624454448672,-10.0,6.490372410241047,12,2,2,turn_right,turn_right,-0.4359730508884756,-115.85654064594962,1.0709844713365426,3.2887460375482127,2.1798652544423778,2.3918877331750137,False,False,False,False,True
bc,noisy_target,42,190,-9.430473870548724,6.866764926971382,-6.7848778952928965,7.358168180927089,-9.633089052764145,6.450328853121523,6,1,1,turn_left,turn_left,-0.34525055541079286,-116.20179120136041,0.463111126693879,2.9893944274140494,1.7262527770539642,2.6908465623829407,False,False,False,False,True
bc,noisy_target,42,191,-9.567199656962403,6.438038838040978,-7.0522344989372305,7.584045241488287,-9.50957353885537,5.998366571655373,2,0,2,keep,turn_right,-0.33679653840279733,-116.5385877397632,0.44343260064720097,2.924532783380772,1.6839826920139864,2.763762005459735,False,False,False,False,True
bc,noisy_target,42,192,-9.82772370880716,6.071123018798484,-6.707150363206904,7.642499832986763,-9.10670426118875,6.012901172483221,6,1,1,turn_left,turn_left,-0.36239612039620356,-116.9009838601594,0.7233663160752754,2.90059488788676,1.8119806019810176,3.493880807560452,False,False,False,False,True
bc,noisy_target,42,193,-10.0,5.922779825863415,-6.591883207854213,7.312025200228213,-9.082901103230459,6.567328865941248,7,1,2,turn_left,turn_right,-0.37208938216678533,-117.27307324232619,1.120943286487397,2.599950535180456,1.8604469108339265,3.6803889439976416,False,False,False,False,True
bc,noisy_target,42,194,-10.0,5.774436632928347,-6.809556755478803,7.586102245353349,-8.943413561945254,6.560147668960017,2,0,2,keep,turn_right,-0.36843908051713165,-117.64151232284333,1.3167067757185635,2.367684029452753,1.8421954025856582,3.6689317774734107,False,False,False,False,True
bc,noisy_target,42,195,-9.719897589255163,5.422239756884663,-6.468646339851071,7.506855235841774,-9.202383956355684,5.887615870358503,11,2,1,turn_right,turn_left,-0.3873288611716561,-118.02884118401498,0.695985119976594,3.177303491739967,1.9366443058582805,3.8621569597647447,False,False,False,False,True
bc,noisy_target,42,196,-9.281447837981224,5.320939136907193,-6.623024230993046,7.1927414559362175,-8.669763034856848,6.107328127289695,7,1,2,turn_left,turn_right,-0.3313011202442524,-118.36014230425923,0.996276037335094,2.3167351651074295,1.6565056012212618,3.251285898796731,False,False,False,False,True
bc,noisy_target,42,197,-9.084046808501146,5.725331067539106,-6.345925814304736,7.406555551516542,-8.552625522970446,5.554902521199076,7,1,2,turn_left,turn_right,-0.34387307371193965,-118.70401537797116,0.5580810623222013,2.880649674797195,1.7193653685596981,3.2130705476824395,False,False,False,False,True
bc,noisy_target,42,198,-8.72925843774481,6.0021436611400185,-6.68448322773874,7.495318594551788,-9.13965479615554,5.543919008603323,11,2,1,turn_right,turn_left,-0.37513505277392656,-119.07915043074509,0.6151381984474406,3.1362123292918245,1.8756752638696326,2.5319314843069143,False,False,False,False,True
bc,noisy_target,42,199,-8.292770041795904,5.892700158811416,-6.512761020547058,7.8002964356439195,-9.161442916462983,5.843203389489067,11,2,1,turn_right,turn_left,-0.4163367327018584,-119.49548716344695,0.8700818888792684,3.2932854381393155,2.081683663509292,2.609090966431126,False,False,True,True,False

# meta: {"policy_name": "bc", "scenario_name": "noisy_target", "case_id": null, "seed": 42, "max_steps": 200, "total_reward": -119.49548716344695, "episode_length": 200, "final_success": false, "had_collision": true, "arena_size": 10.0, "success_distance": 0.8, "collision_distance": 0.5}
